{"_default": {"1": {"timestamp": 1658542863.548851, "node_id": 4146216805, "type": "Node Error", "last_entry": {"timestamp": 1658522903.630724, "node_id": 4146216805, "connection_strength": -73, "bus_voltage_V": 4.164000034, "shunt_voltage_mV": 4.78000021, "current_mA": 49.29999924, "power_mW": 190, "air_temperature_C": 35.22000122, "humidity": 41.1875, "air_pressure_Pa": 101851.5859, "co2_ppm": 1445, "tvoc_ppb": 159, "soil_moisture_adc": 1803, "wind_speed_mph": 4, "wind_direction": 0, "azimuth": 208, "bearing": 9, "calibration_temperature": 34.4375}, "users_notified": true}, "2": {"timestamp": 1658546477.733883, "node_id": 4146216805, "type": "Node Error", "last_entry": {"timestamp": 1658522903.630724, "node_id": 4146216805, "connection_strength": -73, "bus_voltage_V": 4.164000034, "shunt_voltage_mV": 4.78000021, "current_mA": 49.29999924, "power_mW": 190, "air_temperature_C": 35.22000122, "humidity": 41.1875, "air_pressure_Pa": 101851.5859, "co2_ppm": 1445, "tvoc_ppb": 159, "soil_moisture_adc": 1803, "wind_speed_mph": 4, "wind_direction": 0, "azimuth": 208, "bearing": 9, "calibration_temperature": 34.4375}, "users_notified": true}, "3": {"timestamp": 1658582725.162681, "node_id": 4146216805, "type": "Node Error", "last_entry": {"timestamp": 1658522903.630724, "node_id": 4146216805, "connection_strength": -73, "bus_voltage_V": 4.164000034, "shunt_voltage_mV": 4.78000021, "current_mA": 49.29999924, "power_mW": 190, "air_temperature_C": 35.22000122, "humidity": 41.1875, "air_pressure_Pa": 101851.5859, "co2_ppm": 1445, "tvoc_ppb": 159, "soil_moisture_adc": 1803, "wind_speed_mph": 4, "wind_direction": 0, "azimuth": 208, "bearing": 9, "calibration_temperature": 34.4375}, "users_notified": true}, "4": {"timestamp": 1658582767.07118, "type": "Daily Summary", "users_notified": true}}}